"name	bases
HaloPlexA1-CTCGGT	CTCGGT
SOLiD_BC_12	
SOLiD_BC_11	
SOLiD_BC_9	
SOLiD_BC_10	
SOLiD_BC_8	
SOLiD_BC_7	
SOLiD_BC_6	
SOLiD_BC_5	
SOLiD_BC_4	
SOLID_BC_3	
SOLID_BC_2	
SOLID_BC_1	
Ill_12-CTTGTA	CTTGTA
Ill_10-TAGCTT	TAGCTT
Ill_11-GGCTAC	GGCTAC
Ill_9-GATCAG	GATCAG
Ill_8-ACTTGA	ACTTGA
Ill_7-CAGATC	CAGATC
Ill_6-GCCAAT	GCCAAT
Ill_5-ACAGTG	ACAGTG
Ill_4-TGACCA	TGACCA
Ill_3-TTAGGC	TTAGGC
Ill_2-CGATGT	CGATGT
Ill_1-ATCACG	ATCACG
HaloPlexA5-TATTCT	TATTCT
HaloPlexA9-GGTCCT	GGTCCT
TruSeq_12	CTTGTA
TruSeq_11	GGCTAC
TruSeq_10	TAGCTT
TruSeq_9	GATCAG
TruSeq_8	ACTTGA
TruSeq_5	ACAGTG
TruSeq_6	GCCAAT
TruSeq_7	CAGATC
TruSeq_4	TGACCA
TruSeq_3	TTAGGC
TruSeq_2	CGATGT
TruSeq_1	ATCACG
Ill_13-AGTCAA	AGTCAA
Ill_14-AGTTCC	AGTTCC
Ill_15-ATGTCA	ATGTCA
Ill_16-CCGTCC	CCGTCC
Ill_18-GTCCGC	GTCCGC
Ill_19-GTGAAA	GTGAAA
Ill_20-GTGGCC	GTGGCC
HaloPlexA2-AATCGT	AATCGT
HaloPlexA6-AGATCT	AGATCT
Ill_22-CGTACG	CGTACG
Ill_23-GAGTGG	GAGTGG
Ill_25-ACTGAT	ACTGAT
Ill_27-ATTCCT	ATTCCT
HaloPlexA10-TCGTAT	TCGTAT
Ill_21-GTTTCG	GTTTCG
None	NONE
Ill_None	
454_4_ TGACCA	TGACCA
454_3_ TTAGGC	TTAGGC
454_2_ CGATGT	CGATGT
454_1_ ATCACG	ATCACG
HaloPlexA3-GCGCGT	GCGCGT
454_9_ GATCAG	GATCAG
454_8_ ACTTGA	ACTTGA
454_7_CAGATC	CAGATC
HaloPlexA7-CAGGCT	CAGGCT
454_5_ ACAGTG	ACAGTG
454_6_ GCCAAT	GCCAAT
454_10_ TAGCTT	TAGCTT
HaloPlexA11-GTCCAT	GTCCAT
MID_1_ACGAGTGCGT	ACGAGTGCGT
MID_2_ACGCTCGACA	ACGCTCGACA
MID_3_AGACGCACTC	AGACGCACTC
MID_4_AGCACTGTAG	AGCACTGTAG
MID_5_ATCAGACACG	ATCAGACACG
MID_7_CGTGTCTCTA	CGTGTCTCTA
MID_8_CTCGCGTGTC	CTCGCGTGTC
MID_10_TCTCTATGCG	TCTCTATGCG
MID_11_TGATACGTCT	TGATACGTCT
MID_13_CATAGTAGTG	CATAGTAGTG
MID_14_CGAGAGATAC	CGAGAGATAC
MID_15_ATACGACGTA	ATACGACGTA
MID_16_TCACGTACTA	TCACGTACTA
MID_17_CGTCTAGTAC	CGTCTAGTAC
MID_18_TCTACGTAGC	TCTACGTAGC
MID_19_TGTACTACTC	
MID_20_ACGACTACAG	ACGACTACAG
MID_21_CGTAGACTAG	CGTAGACTAG
MID_22_TACGAGTATG	TACGAGTATG
MID_23_TACTCTCGTG	TACTCTCGTG
MID_24_TAGAGACGAG	TAGAGACGAG
MID_25_TCGTCGCTCG	TCGTCGCTCG
MID_26_ACATACGCGT	ACATACGCGT
MID_27_ACGCGAGTAT	ACGCGAGTAT
MID_28_ACTACTATGT	ACTACTATGT
MID_29_ACTGTACAGT	ACTGTACAGT
MID_30_AGACTATACT	AGACTATACT
MID_31_AGCGTCGTCT	AGCGTCGTCT
MID_32_AGTACGCTAT	AGTACGCTAT
MID_33_ATAGAGTACT	ATAGAGTACT
MID_34_CACGCTACGT	CACGCTACGT
MID_35_CAGTAGACGT	CAGTAGACGT
MID_36_CGACGTGACT	CGACGTGACT
MID_37_TACACACACT	TACACACACT
MID_38_TACACGTGAT	TACACGTGAT
MID_39_TACAGATCGT	TACAGATCGT
MID_40_TACGCTGTCT	TACGCTGTCT
MID_41_TAGTGTAGAT	TAGTGTAGAT
MID_42_TCGATCACGT	TCGATCACGT
MID_43_TCGCACTAGT	TCGCACTAGT
MID_44_TCTAGCGACT	TCTAGCGACT
MID_45_TCTATACTAT	TCTATACTAT
MID_46_TGACGTATGT	TGACGTATGT
NoneSolid	
HaloPlexA4-CGaaGT	CGAAGT
HaloPlexA8-TCCGCT	TCCGCT
HaloPlexA12-GATTGG	GATTGG
NEXTflex_17_GTAGAG	GTAGAG
NEXTflex_16_CCGTCC	CCGTCC
NEXTflex_18_CTCCGC	GTCCGC
NEXTflex_6_CTTGTA	CTTGTA
NEXTflex_5_CAGATC	CAGATC
NEXTflex_21_GTTTCG	GTTTCG
NEXTflex_20_GTGGCC	GTGGCC
NEXTflex_3_ACAGTG	ACAGTG
NEXTflex_2_TGACCA	TGACCA
NEXTflex_7_ATCACG	ATCACG
NEXTflex_11_TAGCTT	TAGCTT
NEXTflex_1_CGATGT	CGATGT
NEXTflex_4_GCCAAT	GCCAAT
TruSeq_smRNA_BC2-ACATCG	CGATGT
TruSeq_smRNA_BC1-CGTGAT	ATCACG
TruSeq_smRNA_BC3-GCCTAA	TTAGGC
TruSeq_smRNA_BC4-TGGTCA	TGACCA
TruSeq_smRNA_BC5-CACTGT	ACAGTG
TruSeq_smRNA_BC6-ATTGGC	GCCAAT
TruSeq_smRNA_BC7-GATCTG	CAGATC
TruSeq_smRNA_BC8-TCAAGT	ACTTGA
TruSeq_smRNA_BC9-CTGATC	GATCAG
TruSeq_smRNA_BC10-AAGCTA	TAGCTT
TruSeq_smRNA_BC11-GTAGCC	GGCTAC
TruSeq_smRNA_BC12-TACAAG	CTTGTA
TruSeq_smRNA_BC13-TTGACT	AGTCAA
TruSeq_smRNA_BC14-GGAACT	AGTTCC
TruSeq_smRNA_BC15-TGACAT	ATGTCA
TruSeq_smRNA_BC16-GGACGG	CCGTCC
TruSeq_smRNA_BC17-CTCTAC	GTAGAG
TruSeq_smRNA_BC18-GCGGAC	GTCCGC
TruSeq_smRNA_BC19-TTTCAC	GTGAAA
TruSeq_smRNA_BC20-GGCCAC	GTGGCC
TruSeq_smRNA_BC21-CGAAAC	GTTTCG
TruSeq_smRNA_BC22-CGTACG	CGTACG
TruSeq_smRNA_BC23-CCACTC	GAGTGG
TruSeq_smRNA_BC24-GCTACC	GGTAGC
NEXTflex_8_TTAGGC	TTAGGC
NEXTflex_9_ACTTGA	ACTTGA
NEXTflex_10_GATCAG	GATCAG
Agilent_1_AACGTGAT	AACGTGAT
NEXTflex_12_GGCTAC	GGCTAC
Agilent_2_AAACATCG	AAACATCG
Agilent_3_ATGCCTAA	ATGCCTAA
Agilent_5_ACCACTGT	ACCACTGT
Agilent_7_CAGATCTG	CAGATCTG
Agilent_8_CATCAAGT	CATCAAGT
Agilent_9_CGCTGATC	CGCTGATC
Agilent_10_ACAAGCTA	ACAAGCTA
Agilent_11_CTGTAGCC	CTGTAGCC
Agilent_12_AGTACAAG	AGTACAAG
Agilent_13_AACAACCA	AACAACCA
Agilent_14_AACCGAGA	AACCGAGA
Agilent_15_AACGCTTA	AACGCTTA
Agilent_16_AAGACGGA	AAGACGGA
Agilent_17_AAGGTACA	AAGGTACA
Agilent_18_ACACAGAA	ACACAGAA
Agilent_19_ACAGCAGA	ACAGCAGA
Agilent_20_ACCTCCAA	ACCTCCAA
Agilent_21_ACGCTCGA	ACGCTCGA
Agilent_22_ACGTATCA	ACGTATCA
Agilent_24_AGAGTCAA	AGAGTCAA
Agilent_25_AGATCGCA	AGATCGCA
Agilent_26_AGCAGGAA	AGCAGGAA
Agilent_27_AGTCACTA	AGTCACTA
Agilent_28_ATCCTGTA	ATCCTGTA
Agilent_29_ATTGAGGA	ATTGAGGA
Agilent_30_CAACCACA	CAACCACA
Agilent_31_CAAGACTA	CAAGACTA
Agilent_32_CAATGGAA	CAATGGAA
Agilent_33_CACTTCGA	CACTTCGA
Agilent_34_CAGCGTTA	CAGCGTTA
Agilent_35_CATACCAA	CATACCAA
Agilent_36_CCAGTTCA	CCAGTTCA
Agilent_37_CCGAAGTA	CCGAAGTA
Agilent_38_CCGTGAGA	CCGTGAGA
Agilent_39_CCTCCTGA	CCTCCTGA
Agilent_40_CGAACTTA	CGAACTTA
Agilent_41_CGACTGGA	CGACTGGA
Agilent_42_CGCATACA	CGCATACA
Agilent_44_CTGAGCCA	CTGAGCCA
Agilent_45_CTGGCATA	CTGGCATA
Agilent_46_GAATCTGA	GAATCTGA
Agilent_47_GACTAGTA	GACTAGTA
Agilent_49_GATAGACA	GATAGACA
Agilent_50_GCCACATA	GCCACATA
Agilent_51_GCGAGTAA	GCGAGTAA
Agilent_52_GCTAACGA	GCTAACGA
Agilent_54_GGAGAACA	GGAGAACA
Agilent_55_GGTGCGAA	GGTGCGAA
Agilent_57_GTCGTAGA	GTCGTAGA
Agilent_58_GTCTGTCA	GTCTGTCA
Agilent_59_GTGTTCTA	GTGTTCTA
Agilent_60_TAGGATGA	TAGGATGA
Agilent_61_TATCAGCA	TATCAGCA
Agilent_62_TCCGTCTA	TCCGTCTA
Agilent_63_TCTTCACA	TCTTCACA
Agilent_64_TGAAGAGA	TGAAGAGA
Agilent_65_TGGAACAA	TGGAACAA
Agilent_66_TGGCTTCA	TGGCTTCA
Agilent_67_TGGTGGTA	TGGTGGTA
Agilent_68_TTCACGCA	TTCACGCA
Agilent_69_AACTCACC	AACTCACC
Agilent_70_AAGAGATC	AAGAGATC
Agilent_71_AAGGACAC	AAGGACAC
Agilent_72_AATCCGTC	AATCCGTC
Agilent_73_AATGTTGC	AATGTTGC
Agilent_74_ACACGACC	ACACGACC
Agilent_75_ACAGATTC	ACAGATTC
Agilent_76_AGATGTAC	AGATGTAC
Agilent_77_AGCACCTC	AGCACCTC
Agilent_78_AGCCATGC	AGCCATGC
Agilent_79_AGGCTAAC	AGGCTAAC
Agilent_80_ATAGCGAC	ATAGCGAC
Agilent_81_ATCATTCC	ATCATTCC
Agilent_82_ATTGGCTC	ATTGGCTC
Agilent_83_CAAGGAGC	CAAGGAGC
Agilent_84_CACCTTAC	CACCTTAC
Agilent_85_CCATCCTC	CCATCCTC
Agilent_86_CCGACAAC	CCGACAAC
Agilent_88_CCTCTATC	CCTCTATC
Agilent_89_CGACACAC	CGACACAC
Agilent_90_CGGATTGC	CGGATTGC
Agilent_91_CTAAGGTC	CTAAGGTC
Agilent_92_GAACAGGC	GAACAGGC
Agilent_93_GACAGTGC	GACAGTGC
Agilent_94_GAGTTAGC	GAGTTAGC
Agilent_95_GATGAATC	GATGAATC
Agilent_96_GCCAAGAC	GCCAAGAC
Agilent_87_CCTAATCC	CCTAATCC
Agilent_53_GCTCGGTA	GCTCGGTA
Agilent_56_GTACGCAA	GTACGCAA
Agilent_43_CTCAATGA	CTCAATGA
Agilent_23_ACTATGCA	ACTATGCA
Agilent_6_ACATTGGC	ACATTGGC
Agilent_4_AGTGGTCA	AGTGGTCA
Agilent_48_GAGCTGAA	GAGCTGAA
Nextera_N701_TAAGGCGA	TAAGGCGA
Nextera_N702_CGTACTAG	CGTACTAG
Nextera_N703_AGGCAGAA	AGGCAGAA
Nextera_N704_TCCTGAGC	TCCTGAGC
Nextera_N705_GGACTCCT	GGACTCCT
Nextera_N706_TAGGCATG	TAGGCATG
Nextera_N707_CTCTCTAC	CTCTCTAC
Nextera_N708_CAGAGAGG	CAGAGAGG
Nextera_N709_GCTACGCT	GCTACGCT
Nextera_N710_CGAGGCTG	CGAGGCTG
Nextera_N711_AAGAGGCA	AAGAGGCA
Nextera_N712_GTAGAGGA	GTAGAGGA
Nextera_N501_TAGATCGC	TAGATCGC
Nextera_N502_CTCTCTAT	CTCTCTAT
Nextera_N503_TATCCTCT	TATCCTCT
Nextera_N504_AGAGTAGA	AGAGTAGA
Nextera_N505_GTAAGGAG	GTAAGGAG
Nextera_N506_ACTGCATA	ACTGCATA
Nextera_N507_AAGGAGTA	AAGGAGTA
Nextera_N508_CTAAGCCT	CTAAGCCT
"
